<annotation>
    <folder>images</folder>
    <filename>mask-013.png</filename>
    <size>
        <width>400</width>
        <height>226</height>
        <depth>3</depth>
    </size>
    <segmented>0</segmented>
    <object>
        <name>with_mask</name>
        <pose>Unspecified</pose>
        <truncated>0</truncated>
        <occluded>0</occluded>
        <difficult>0</difficult>
        <bndbox>
            <xmin>28</xmin>
            <ymin>54</ymin>
            <xmax>44</xmax>
            <ymax>71</ymax>
        </bndbox>
    </object>
    <object>
        <name>with_mask</name>
        <pose>Unspecified</pose>
        <truncated>0</truncated>
        <occluded>0</occluded>
        <difficult>0</difficult>
        <bndbox>
            <xmin>98</xmin>
            <ymin>62</ymin>
            <xmax>114</xmax>
            <ymax>80</ymax>
        </bndbox>
    </object>
    <object>
        <name>mask_weared_incorrect</name>
        <pose>Unspecified</pose>
        <truncated>0</truncated>
        <occluded>0</occluded>
        <difficult>0</difficult>
        <bndbox>
            <xmin>162</xmin>
            <ymin>51</ymin>
            <xmax>194</xmax>
            <ymax>89</ymax>
        </bndbox>
    </object>
    <object>
        <name>with_mask</name>
        <pose>Unspecified</pose>
        <truncated>0</truncated>
        <occluded>0</occluded>
        <difficult>0</difficult>
        <bndbox>
            <xmin>293</xmin>
            <ymin>60</ymin>
            <xmax>313</xmax>
            <ymax>81</ymax>
        </bndbox>
    </object>
    <object>
        <name>with_mask</name>
        <pose>Unspecified</pose>
        <truncated>0</truncated>
        <occluded>0</occluded>
        <difficult>0</difficult>
        <bndbox>
            <xmin>352</xmin>
            <ymin>53</ymin>
            <xmax>373</xmax>
            <ymax>71</ymax>
        </bndbox>
    </object>
    <object>
        <name>with_mask</name>
        <pose>Unspecified</pose>
        <truncated>0</truncated>
        <occluded>0</occluded>
        <difficult>0</difficult>
        <bndbox>
            <xmin>229</xmin>
            <ymin>53</ymin>
            <xmax>241</xmax>
            <ymax>72</ymax>
        </bndbox>
    </object>
</annotation>