<annotation>
    <folder>images</folder>
    <filename>mask-038.png</filename>
    <size>
        <width>400</width>
        <height>285</height>
        <depth>3</depth>
    </size>
    <segmented>0</segmented>
    <object>
        <name>with_mask</name>
        <pose>Unspecified</pose>
        <truncated>0</truncated>
        <occluded>0</occluded>
        <difficult>0</difficult>
        <bndbox>
            <xmin>194</xmin>
            <ymin>102</ymin>
            <xmax>230</xmax>
            <ymax>139</ymax>
        </bndbox>
    </object>
    <object>
        <name>without_mask</name>
        <pose>Unspecified</pose>
        <truncated>0</truncated>
        <occluded>0</occluded>
        <difficult>0</difficult>
        <bndbox>
            <xmin>252</xmin>
            <ymin>116</ymin>
            <xmax>284</xmax>
            <ymax>149</ymax>
        </bndbox>
    </object>
</annotation>