<annotation>
    <folder>images</folder>
    <filename>mask-008.png</filename>
    <size>
        <width>301</width>
        <height>400</height>
        <depth>3</depth>
    </size>
    <segmented>0</segmented>
    <object>
        <name>with_mask</name>
        <pose>Unspecified</pose>
        <truncated>0</truncated>
        <occluded>0</occluded>
        <difficult>0</difficult>
        <bndbox>
            <xmin>75</xmin>
            <ymin>271</ymin>
            <xmax>152</xmax>
            <ymax>385</ymax>
        </bndbox>
    </object>
</annotation>