<annotation>
    <folder>images</folder>
    <filename>mask-035.png</filename>
    <size>
        <width>400</width>
        <height>255</height>
        <depth>3</depth>
    </size>
    <segmented>0</segmented>
    <object>
        <name>with_mask</name>
        <pose>Unspecified</pose>
        <truncated>0</truncated>
        <occluded>0</occluded>
        <difficult>0</difficult>
        <bndbox>
            <xmin>132</xmin>
            <ymin>44</ymin>
            <xmax>208</xmax>
            <ymax>123</ymax>
        </bndbox>
    </object>
    <object>
        <name>with_mask</name>
        <pose>Unspecified</pose>
        <truncated>0</truncated>
        <occluded>0</occluded>
        <difficult>0</difficult>
        <bndbox>
            <xmin>330</xmin>
            <ymin>67</ymin>
            <xmax>375</xmax>
            <ymax>114</ymax>
        </bndbox>
    </object>
</annotation>