<annotation>
    <folder>images</folder>
    <filename>mask-015.png</filename>
    <size>
        <width>193</width>
        <height>400</height>
        <depth>3</depth>
    </size>
    <segmented>0</segmented>
    <object>
        <name>with_mask</name>
        <pose>Unspecified</pose>
        <truncated>0</truncated>
        <occluded>0</occluded>
        <difficult>0</difficult>
        <bndbox>
            <xmin>59</xmin>
            <ymin>144</ymin>
            <xmax>125</xmax>
            <ymax>213</ymax>
        </bndbox>
    </object>
    <object>
        <name>with_mask</name>
        <pose>Unspecified</pose>
        <truncated>0</truncated>
        <occluded>0</occluded>
        <difficult>0</difficult>
        <bndbox>
            <xmin>82</xmin>
            <ymin>330</ymin>
            <xmax>118</xmax>
            <ymax>366</ymax>
        </bndbox>
    </object>
</annotation>