<annotation>
    <folder>images</folder>
    <filename>mask-046.png</filename>
    <size>
        <width>400</width>
        <height>226</height>
        <depth>3</depth>
    </size>
    <segmented>0</segmented>
    <object>
        <name>with_mask</name>
        <pose>Unspecified</pose>
        <truncated>0</truncated>
        <occluded>0</occluded>
        <difficult>0</difficult>
        <bndbox>
            <xmin>17</xmin>
            <ymin>37</ymin>
            <xmax>41</xmax>
            <ymax>59</ymax>
        </bndbox>
    </object>
    <object>
        <name>with_mask</name>
        <pose>Unspecified</pose>
        <truncated>0</truncated>
        <occluded>0</occluded>
        <difficult>0</difficult>
        <bndbox>
            <xmin>68</xmin>
            <ymin>21</ymin>
            <xmax>87</xmax>
            <ymax>38</ymax>
        </bndbox>
    </object>
    <object>
        <name>with_mask</name>
        <pose>Unspecified</pose>
        <truncated>0</truncated>
        <occluded>0</occluded>
        <difficult>0</difficult>
        <bndbox>
            <xmin>114</xmin>
            <ymin>32</ymin>
            <xmax>132</xmax>
            <ymax>48</ymax>
        </bndbox>
    </object>
    <object>
        <name>with_mask</name>
        <pose>Unspecified</pose>
        <truncated>0</truncated>
        <occluded>0</occluded>
        <difficult>0</difficult>
        <bndbox>
            <xmin>147</xmin>
            <ymin>31</ymin>
            <xmax>170</xmax>
            <ymax>53</ymax>
        </bndbox>
    </object>
    <object>
        <name>with_mask</name>
        <pose>Unspecified</pose>
        <truncated>0</truncated>
        <occluded>0</occluded>
        <difficult>0</difficult>
        <bndbox>
            <xmin>207</xmin>
            <ymin>20</ymin>
            <xmax>223</xmax>
            <ymax>37</ymax>
        </bndbox>
    </object>
    <object>
        <name>with_mask</name>
        <pose>Unspecified</pose>
        <truncated>0</truncated>
        <occluded>0</occluded>
        <difficult>0</difficult>
        <bndbox>
            <xmin>238</xmin>
            <ymin>27</ymin>
            <xmax>251</xmax>
            <ymax>43</ymax>
        </bndbox>
    </object>
    <object>
        <name>with_mask</name>
        <pose>Unspecified</pose>
        <truncated>0</truncated>
        <occluded>0</occluded>
        <difficult>0</difficult>
        <bndbox>
            <xmin>267</xmin>
            <ymin>27</ymin>
            <xmax>282</xmax>
            <ymax>40</ymax>
        </bndbox>
    </object>
    <object>
        <name>with_mask</name>
        <pose>Unspecified</pose>
        <truncated>0</truncated>
        <occluded>0</occluded>
        <difficult>0</difficult>
        <bndbox>
            <xmin>287</xmin>
            <ymin>22</ymin>
            <xmax>302</xmax>
            <ymax>39</ymax>
        </bndbox>
    </object>
    <object>
        <name>with_mask</name>
        <pose>Unspecified</pose>
        <truncated>0</truncated>
        <occluded>0</occluded>
        <difficult>0</difficult>
        <bndbox>
            <xmin>326</xmin>
            <ymin>30</ymin>
            <xmax>348</xmax>
            <ymax>51</ymax>
        </bndbox>
    </object>
    <object>
        <name>with_mask</name>
        <pose>Unspecified</pose>
        <truncated>0</truncated>
        <occluded>0</occluded>
        <difficult>0</difficult>
        <bndbox>
            <xmin>357</xmin>
            <ymin>27</ymin>
            <xmax>375</xmax>
            <ymax>45</ymax>
        </bndbox>
    </object>
</annotation>