<annotation>
    <folder>images</folder>
    <filename>mask-054.png</filename>
    <size>
        <width>400</width>
        <height>267</height>
        <depth>3</depth>
    </size>
    <segmented>0</segmented>
    <object>
        <name>with_mask</name>
        <pose>Unspecified</pose>
        <truncated>0</truncated>
        <occluded>0</occluded>
        <difficult>0</difficult>
        <bndbox>
            <xmin>119</xmin>
            <ymin>40</ymin>
            <xmax>157</xmax>
            <ymax>80</ymax>
        </bndbox>
    </object>
    <object>
        <name>with_mask</name>
        <pose>Unspecified</pose>
        <truncated>0</truncated>
        <occluded>0</occluded>
        <difficult>0</difficult>
        <bndbox>
            <xmin>197</xmin>
            <ymin>68</ymin>
            <xmax>227</xmax>
            <ymax>110</ymax>
        </bndbox>
    </object>
    <object>
        <name>with_mask</name>
        <pose>Unspecified</pose>
        <truncated>0</truncated>
        <occluded>0</occluded>
        <difficult>0</difficult>
        <bndbox>
            <xmin>316</xmin>
            <ymin>81</ymin>
            <xmax>338</xmax>
            <ymax>113</ymax>
        </bndbox>
    </object>
    <object>
        <name>without_mask</name>
        <pose>Unspecified</pose>
        <truncated>0</truncated>
        <occluded>0</occluded>
        <difficult>0</difficult>
        <bndbox>
            <xmin>161</xmin>
            <ymin>78</ymin>
            <xmax>178</xmax>
            <ymax>98</ymax>
        </bndbox>
    </object>
</annotation>