<annotation>
    <folder>images</folder>
    <filename>mask-000.png</filename>
    <size>
        <width>512</width>
        <height>366</height>
        <depth>3</depth>
    </size>
    <segmented>0</segmented>
    <object>
        <name>without_mask</name>
        <pose>Unspecified</pose>
        <truncated>0</truncated>
        <occluded>0</occluded>
        <difficult>0</difficult>
        <bndbox>
            <xmin>79</xmin>
            <ymin>105</ymin>
            <xmax>109</xmax>
            <ymax>142</ymax>
        </bndbox>
    </object>
    <object>
        <name>with_mask</name>
        <pose>Unspecified</pose>
        <truncated>0</truncated>
        <occluded>0</occluded>
        <difficult>0</difficult>
        <bndbox>
            <xmin>185</xmin>
            <ymin>100</ymin>
            <xmax>226</xmax>
            <ymax>144</ymax>
        </bndbox>
    </object>
    <object>
        <name>without_mask</name>
        <pose>Unspecified</pose>
        <truncated>0</truncated>
        <occluded>0</occluded>
        <difficult>0</difficult>
        <bndbox>
            <xmin>325</xmin>
            <ymin>90</ymin>
            <xmax>360</xmax>
            <ymax>141</ymax>
        </bndbox>
    </object>
</annotation>