<annotation>
    <folder>images</folder>
    <filename>mask-039.png</filename>
    <size>
        <width>398</width>
        <height>400</height>
        <depth>3</depth>
    </size>
    <segmented>0</segmented>
    <object>
        <name>with_mask</name>
        <pose>Unspecified</pose>
        <truncated>0</truncated>
        <occluded>0</occluded>
        <difficult>0</difficult>
        <bndbox>
            <xmin>157</xmin>
            <ymin>107</ymin>
            <xmax>223</xmax>
            <ymax>184</ymax>
        </bndbox>
    </object>
    <object>
        <name>with_mask</name>
        <pose>Unspecified</pose>
        <truncated>0</truncated>
        <occluded>0</occluded>
        <difficult>0</difficult>
        <bndbox>
            <xmin>239</xmin>
            <ymin>97</ymin>
            <xmax>347</xmax>
            <ymax>219</ymax>
        </bndbox>
    </object>
</annotation>