<annotation>
    <folder>images</folder>
    <filename>mask-020.png</filename>
    <size>
        <width>267</width>
        <height>400</height>
        <depth>3</depth>
    </size>
    <segmented>0</segmented>
    <object>
        <name>with_mask</name>
        <pose>Unspecified</pose>
        <truncated>0</truncated>
        <occluded>0</occluded>
        <difficult>0</difficult>
        <bndbox>
            <xmin>93</xmin>
            <ymin>60</ymin>
            <xmax>153</xmax>
            <ymax>124</ymax>
        </bndbox>
    </object>
</annotation>