<annotation>
    <folder>images</folder>
    <filename>mask-024.png</filename>
    <size>
        <width>267</width>
        <height>400</height>
        <depth>3</depth>
    </size>
    <segmented>0</segmented>
    <object>
        <name>mask_weared_incorrect</name>
        <pose>Unspecified</pose>
        <truncated>0</truncated>
        <occluded>0</occluded>
        <difficult>0</difficult>
        <bndbox>
            <xmin>105</xmin>
            <ymin>76</ymin>
            <xmax>161</xmax>
            <ymax>116</ymax>
        </bndbox>
    </object>
</annotation>