<annotation>
    <folder>images</folder>
    <filename>mask-050.png</filename>
    <size>
        <width>400</width>
        <height>292</height>
        <depth>3</depth>
    </size>
    <segmented>0</segmented>
    <object>
        <name>with_mask</name>
        <pose>Unspecified</pose>
        <truncated>0</truncated>
        <occluded>0</occluded>
        <difficult>0</difficult>
        <bndbox>
            <xmin>206</xmin>
            <ymin>83</ymin>
            <xmax>238</xmax>
            <ymax>114</ymax>
        </bndbox>
    </object>
    <object>
        <name>with_mask</name>
        <pose>Unspecified</pose>
        <truncated>0</truncated>
        <occluded>0</occluded>
        <difficult>0</difficult>
        <bndbox>
            <xmin>226</xmin>
            <ymin>51</ymin>
            <xmax>262</xmax>
            <ymax>82</ymax>
        </bndbox>
    </object>
</annotation>